0,1,2,3,4,5,6,7,8,9,10,11,12,13,14,15,16,17,18,19,20,21,22,23,24,25,26,27,28,29,30,31,32,33,34,35,36,37,38,39,40,41,42,43,44,45,46,47,48,49,50,51,52,53,54,55,56,57,58,59,60,61,62,63,64,65,66,67,68,69,70,71,72,73,74,75,76,77,78,79,80,81,82,83,84,85,86,87,88,89,90,91,92,93,94,95,96,97,98,99
,,,,,,,,,,,,,,,,,,,,,,,,,,,,,,,,,,,,,,,,,,,,,MAIN-ENTRY,MAIN-ENTRY,MAIN-ENTRY,MAIN-ENTRY,MAIN-ENTRY,MAIN-ENTRY,MAIN-ENTRY,MAIN-ENTRY,,,,,,,,,,,,,,,,,,,,,,,,,,,,,,,,,,,,,,,,,,,,,,,
,,,,,,,,,,,,,,,,,,,,,,,,,,,,,,,,,,,,,,,,,,,,,MAIN-ENTRY,MAIN-ENTRY,MAIN-ENTRY,MAIN-ENTRY,MAIN-ENTRY,MAIN-ENTRY,MAIN-ENTRY,MAIN-ENTRY,,,,,,,,,,,,,,,,,,,,,,,,,,,,,,,,,,,,,,,,,,,,,,,
,,,,,,,,,,,,,,,,,,,,,,,,,,,,,,,,,,,,,,,,,,,,,MAIN-ENTRY,MAIN-ENTRY,MAIN-ENTRY,MAIN-ENTRY,MAIN-ENTRY,MAIN-ENTRY,MAIN-ENTRY,MAIN-ENTRY,,,,,,,,,,,,,,,,,,,,,,,,,,,,,,,,,,,,,,,,,,,,,,,
,,,,,,,,,,,,,,,,,,,,,,,,,,,,,,,,,,,,,,,,,,,,,,,,,,,,,,,,,,,,,,,,,,,,,,,,,,,,,,,,,,,,,,,,,,,,,,,,,,,
,,,,,,,,,,,,,,,,,,,,,,,,,,,,,,,,,,,,,,,,,,,,,,,,,,,,,,,,,,,,,,,,,,,,,,,,,,,,,,,,,,,,,,,,,,,,,,,,,,,
,,,,,,,,,,,,,,,,,,,,AHU-1,AHU-1,AHU-1,AHU-1,,,,,,,,,,,,,,,,,,,,,,,,,,,,,,,,,,,,,,,,,,,,,,,AHU-2,AHU-2,AHU-2,AHU-2,,,,,,,,,,,,,,,,,,,,,,,,,,
,,,,,,,,,,,,,,,,,,,,AHU-1,AHU-1,AHU-1,AHU-1,,,,,,,,,,,,,,,,,,,,,,,,,,,,,,,,,,,,,,,,,,,,,,,AHU-2,AHU-2,AHU-2,AHU-2,,,,,,,,,,,,,,,,,,,,,,,,,,
,,,,,,,,,,,,,,,,,,,,AHU-1,AHU-1,AHU-1,AHU-1,,,,,,,,,,,,,,,,,,,,,,,,,,,,,,,,,,,,,,,,,,,,,,,AHU-2,AHU-2,AHU-2,AHU-2,,,,,,,,,,,,,,,,,,,,,,,,,,
,,,,,,,,,,,,,,,,,,,,,,,,,,,,,,,,,,,,,,,,,,,,,,,,,,,,,,,,,,,,,,,,,,,,,,,,,,,,,,,,,,,,,,,,,,,,,,,,,,,
,,,,,,,,,,,,,,,,,,,,,,,,,,,,,,,,,,,,,,,,,,,,,,,,,,,,,,,,,,,,,,,,,,,,,,,,,,,,,,,,,,,,,,,,,,,,,,,,,,,
,,,,,,,,,,CORE-A,CORE-A,CORE-A,CORE-A,CORE-A,,,,,,,,,,,,,,,,,,,,,,,,,,,,,,,,,,,,CORE-B,CORE-B,CORE-B,CORE-B,CORE-B,,,,,,,,,,,,,,,,,,,,,,,,,,,,,,,,,,,,,,,,,,,,,
,,,,,,,,,,CORE-A,CORE-A,CORE-A,CORE-A,CORE-A,,,,,,,,,,,,,,,,,,,,,,,,,,,,,,,,,,,,CORE-B,CORE-B,CORE-B,CORE-B,CORE-B,,,,,,,,,,,,,,,,,,,,,,,,,,,,,,,,,,,,,,,,,,,,,
,,,,,,,,,,CORE-A,CORE-A,CORE-A,CORE-A,CORE-A,,,,,,,,,,,,,,,,,,,,,,,,,,,,,,,,,,,,CORE-B,CORE-B,CORE-B,CORE-B,CORE-B,,,,,,,,,,,,,,,,,,,,,,,,,,,,,,,,,,,,,,,,,,,,,
,,,,,,,,,,CORE-A,CORE-A,CORE-A,CORE-A,CORE-A,,,,,,,,,,,,,,,,,,,,,,,,,,,,,,,,,,,,CORE-B,CORE-B,CORE-B,CORE-B,CORE-B,,,,,,,,,,,,,,,,,,,,,,,,,,,,,,,,,,,,,,,,,,,,,
,,,,,,,,,,CORE-A,CORE-A,CORE-A,CORE-A,CORE-A,,,,,,,,,,,,,,,,,,,,,,,,,,,,,,,,,,,,CORE-B,CORE-B,CORE-B,CORE-B,CORE-B,,,,,,,,,,,,,,,,,,,,,,,,,,,,,,,,,,,,,,,,,,,,,
,,,,,BLK-003,BLK-003,BLK-003,,BLK-004,BLK-004,BLK-004,,BLK-011,BLK-011,BLK-011,,BLK-014,BLK-014,BLK-014,BLK-014,,BLK-015,BLK-015,BLK-015,,BLK-021,BLK-021,BLK-021,,BLK-022,BLK-022,BLK-022,BLK-022,,BLK-024,BLK-024,BLK-024,,BLK-025,BLK-025,BLK-025,BLK-025,,BLK-032,BLK-032,BLK-032,,BLK-038,BLK-038,BLK-038,BLK-038,,BLK-049,BLK-049,BLK-049,BLK-049,,BLK-053,BLK-053,BLK-053,BLK-053,,BLK-058,BLK-058,BLK-058,BLK-058,,BLK-059,BLK-059,BLK-059,,BLK-060,BLK-060,BLK-060,BLK-060,,BLK-001,BLK-001,,BLK-010,BLK-010,,BLK-013,BLK-013,BLK-013,,BLK-020,BLK-020,,BLK-026,BLK-026,BLK-062,BLK-062,BLK-062,,,,,
,,,,,BLK-003,BLK-003,BLK-003,,BLK-004,BLK-004,BLK-004,,BLK-011,BLK-011,BLK-011,,BLK-014,BLK-014,BLK-014,BLK-014,,BLK-015,BLK-015,BLK-015,,BLK-021,BLK-021,BLK-021,,BLK-022,BLK-022,BLK-022,BLK-022,,BLK-024,BLK-024,BLK-024,,BLK-025,BLK-025,BLK-025,BLK-025,,BLK-032,BLK-032,BLK-032,,BLK-038,BLK-038,BLK-038,BLK-038,,BLK-049,BLK-049,BLK-049,BLK-049,,BLK-053,BLK-053,BLK-053,BLK-053,,BLK-058,BLK-058,BLK-058,BLK-058,,BLK-059,BLK-059,BLK-059,,BLK-060,BLK-060,BLK-060,BLK-060,,BLK-001,BLK-001,,BLK-010,BLK-010,,BLK-013,BLK-013,BLK-013,,BLK-020,BLK-020,,BLK-026,BLK-026,BLK-062,BLK-062,BLK-062,,,,,
,,,,,BLK-003,BLK-003,BLK-003,,BLK-004,BLK-004,BLK-004,,BLK-011,BLK-011,BLK-011,,BLK-014,BLK-014,BLK-014,BLK-014,,BLK-015,BLK-015,BLK-015,,BLK-021,BLK-021,BLK-021,,BLK-022,BLK-022,BLK-022,BLK-022,,BLK-024,BLK-024,BLK-024,,BLK-025,BLK-025,BLK-025,BLK-025,,BLK-032,BLK-032,BLK-032,,BLK-038,BLK-038,BLK-038,BLK-038,,BLK-049,BLK-049,BLK-049,BLK-049,,BLK-053,BLK-053,BLK-053,BLK-053,,BLK-058,BLK-058,BLK-058,BLK-058,,BLK-059,BLK-059,BLK-059,,BLK-060,BLK-060,BLK-060,BLK-060,,BLK-001,BLK-001,,BLK-010,BLK-010,,BLK-013,BLK-013,BLK-013,,BLK-020,BLK-020,,BLK-026,BLK-026,BLK-062,BLK-062,BLK-062,,,,,
,,,,,BLK-003,BLK-003,BLK-003,,,,,,,,,,,,,,,,,,,BLK-021,BLK-021,BLK-021,,BLK-022,BLK-022,BLK-022,BLK-022,,,,,,BLK-025,BLK-025,BLK-025,BLK-025,,,,,,BLK-038,BLK-038,BLK-038,BLK-038,,BLK-049,BLK-049,BLK-049,BLK-049,,,,,,,,,,,,BLK-059,BLK-059,BLK-059,,BLK-060,BLK-060,BLK-060,BLK-060,,,,,BLK-010,BLK-010,,,,,,,,,,,,,,,,,,
,,,,,,,,,,,,,,,,,,,,,,,,,,,,,,,,,,,BLK-066,BLK-066,BLK-066,BLK-066,,BLK-067,BLK-067,BLK-067,,BLK-070,BLK-070,BLK-070,,BLK-076,BLK-076,BLK-076,BLK-076,,BLK-089,BLK-089,BLK-089,,BLK-094,BLK-094,BLK-094,BLK-094,,BLK-039,BLK-039,,BLK-042,BLK-042,BLK-042,,BLK-044,BLK-044,,BLK-050,BLK-050,,BLK-055,BLK-055,,BLK-061,BLK-061,,BLK-069,BLK-069,BLK-069,,BLK-074,BLK-074,,BLK-007,BLK-007,BLK-007,BLK-007,BLK-007,BLK-007,BLK-007,,,,,
,,,,,BLK-028,BLK-028,BLK-028,,BLK-005,BLK-005,BLK-005,BLK-005,BLK-005,BLK-005,BLK-005,,BLK-006,BLK-006,BLK-006,BLK-006,BLK-006,BLK-006,BLK-006,BLK-006,,BLK-002,BLK-002,BLK-002,,,,,,,BLK-066,BLK-066,BLK-066,BLK-066,,BLK-067,BLK-067,BLK-067,,BLK-070,BLK-070,BLK-070,,BLK-076,BLK-076,BLK-076,BLK-076,,BLK-089,BLK-089,BLK-089,,BLK-094,BLK-094,BLK-094,BLK-094,,BLK-039,BLK-039,,BLK-042,BLK-042,BLK-042,,BLK-044,BLK-044,,BLK-050,BLK-050,,BLK-055,BLK-055,,BLK-061,BLK-061,,BLK-069,BLK-069,BLK-069,,BLK-074,BLK-074,,BLK-007,BLK-007,BLK-007,BLK-007,BLK-007,BLK-007,BLK-007,FIRE-EGRESS-1,FIRE-EGRESS-1,FIRE-EGRESS-1,,
,,,,,BLK-028,BLK-028,BLK-028,,BLK-005,BLK-005,BLK-005,BLK-005,BLK-005,BLK-005,BLK-005,,BLK-006,BLK-006,BLK-006,BLK-006,BLK-006,BLK-006,BLK-006,BLK-006,,BLK-002,BLK-002,BLK-002,,,,,,,BLK-066,BLK-066,BLK-066,BLK-066,,BLK-067,BLK-067,BLK-067,,BLK-070,BLK-070,BLK-070,,BLK-076,BLK-076,BLK-076,BLK-076,,BLK-089,BLK-089,BLK-089,,BLK-094,BLK-094,BLK-094,BLK-094,,BLK-039,BLK-039,,BLK-042,BLK-042,BLK-042,,BLK-044,BLK-044,BLK-085,BLK-085,BLK-085,,BLK-055,BLK-055,,BLK-061,BLK-061,,BLK-069,BLK-069,BLK-069,,BLK-074,BLK-074,,BLK-007,BLK-007,BLK-007,BLK-007,BLK-007,BLK-007,BLK-007,FIRE-EGRESS-1,FIRE-EGRESS-1,FIRE-EGRESS-1,,
,,,,,BLK-028,BLK-028,BLK-028,,BLK-005,BLK-005,BLK-005,BLK-005,BLK-005,BLK-005,BLK-005,,BLK-006,BLK-006,BLK-006,BLK-006,BLK-006,BLK-006,BLK-006,BLK-006,,BLK-002,BLK-002,BLK-002,,,,,,,,,,,,BLK-067,BLK-067,BLK-067,,,,,,BLK-076,BLK-076,BLK-076,BLK-076,,,,,,BLK-094,BLK-094,BLK-094,BLK-094,,BLK-039,BLK-039,,,,,,,,BLK-085,BLK-085,BLK-085,,,,,,,,,,,,BLK-074,BLK-074,,BLK-007,BLK-007,BLK-007,BLK-007,BLK-007,BLK-007,BLK-007,FIRE-EGRESS-1,FIRE-EGRESS-1,FIRE-EGRESS-1,,
,,,,,,,,,BLK-005,BLK-005,BLK-005,BLK-005,BLK-005,BLK-005,BLK-005,,BLK-006,BLK-006,BLK-006,BLK-006,BLK-006,BLK-006,BLK-006,BLK-006,,,,,,,,,,,,,,,,,,,,,,,,,,,,,,,,,,,,,,,,,,,,,,,BLK-085,BLK-085,BLK-085,,,,,,,,,,,,,,,BLK-007,BLK-007,BLK-007,BLK-007,BLK-007,BLK-007,BLK-007,FIRE-EGRESS-1,FIRE-EGRESS-1,FIRE-EGRESS-1,,
,,,,,,,,,BLK-005,BLK-005,BLK-005,BLK-005,BLK-005,BLK-005,BLK-005,,BLK-006,BLK-006,BLK-006,BLK-006,BLK-006,BLK-006,BLK-006,BLK-006,,,,,,,,,,,,,,,,,,,,,,,,,,,,,,,,,,,,,,,,,,,,,,,,,,,,,,,,,,,,,,,,BLK-007,BLK-007,BLK-007,BLK-007,BLK-007,BLK-007,BLK-007,,,,,
,,,,,,,,,BLK-005,BLK-005,BLK-005,BLK-005,BLK-005,BLK-005,BLK-005,,BLK-006,BLK-006,BLK-006,BLK-006,BLK-006,BLK-006,BLK-006,BLK-006,,,,,,,,,,,,,,,,,,,,,,,,,,,,,,,,,,,,,,,,,BLK-091,BLK-091,,BLK-092,BLK-092,BLK-092,,BLK-093,BLK-093,,BLK-098,BLK-098,,BLK-031,BLK-031,BLK-031,BLK-031,BLK-031,,,,,,BLK-007,BLK-007,BLK-007,BLK-007,BLK-007,BLK-007,BLK-007,,,,,
,,,,,,,,,BLK-005,BLK-005,BLK-005,BLK-005,BLK-005,BLK-005,BLK-005,,BLK-006,BLK-006,BLK-006,BLK-006,BLK-006,BLK-006,BLK-006,BLK-006,,,,,,,,,,,,,,,,,,,,,,,,,,,,,,,,,,,,,,,,,BLK-091,BLK-091,,BLK-092,BLK-092,BLK-092,,BLK-093,BLK-093,,BLK-098,BLK-098,,BLK-031,BLK-031,BLK-031,BLK-031,BLK-031,,,,,,,,,,,,,,,,,
,,,,,,,,,,,,,,,,,BLK-006,BLK-006,BLK-006,BLK-006,BLK-006,BLK-006,BLK-006,BLK-006,,,,,,,,,,,BLK-018,BLK-018,BLK-018,BLK-018,BLK-018,BLK-018,BLK-018,,BLK-023,BLK-023,BLK-023,BLK-023,BLK-023,BLK-023,BLK-023,BLK-023,BLK-023,,BLK-029,BLK-029,BLK-029,BLK-029,BLK-029,BLK-029,BLK-029,BLK-029,,BLK-008,BLK-008,BLK-008,,,,BLK-092,BLK-092,BLK-092,,BLK-093,BLK-093,,,,,BLK-031,BLK-031,BLK-031,BLK-031,BLK-031,,,,,,,,,,,,,,,,,
,,,,,,,,,,,,,,,,,,,,,,,,,,,,,,,,,,,BLK-018,BLK-018,BLK-018,BLK-018,BLK-018,BLK-018,BLK-018,,BLK-023,BLK-023,BLK-023,BLK-023,BLK-023,BLK-023,BLK-023,BLK-023,BLK-023,,BLK-029,BLK-029,BLK-029,BLK-029,BLK-029,BLK-029,BLK-029,BLK-029,,BLK-008,BLK-008,BLK-008,,,,,,,,BLK-093,BLK-093,,,,,BLK-031,BLK-031,BLK-031,BLK-031,BLK-031,,,,,,,,,,,,,,,,,
,,,,,,,,,,,,,,,,,,,,,,,,,,,,,,,,,,,BLK-018,BLK-018,BLK-018,BLK-018,BLK-018,BLK-018,BLK-018,,BLK-023,BLK-023,BLK-023,BLK-023,BLK-023,BLK-023,BLK-023,BLK-023,BLK-023,,BLK-029,BLK-029,BLK-029,BLK-029,BLK-029,BLK-029,BLK-029,BLK-029,,BLK-008,BLK-008,BLK-008,,,,,,,,,,,,,,BLK-031,BLK-031,BLK-031,BLK-031,BLK-031,,,,,,,,,,,,,,,,,
,,,,,,,,,,,,,,,,,,,,,,,,,,,,,,,,,,,BLK-018,BLK-018,BLK-018,BLK-018,BLK-018,BLK-018,BLK-018,,BLK-023,BLK-023,BLK-023,BLK-023,BLK-023,BLK-023,BLK-023,BLK-023,BLK-023,,BLK-029,BLK-029,BLK-029,BLK-029,BLK-029,BLK-029,BLK-029,BLK-029,,,,,,,,,,,,,,,,,,BLK-031,BLK-031,BLK-031,BLK-031,BLK-031,,,,,,,,,,,,,,,,,
,,,,,,,,,,,,,,,,,,,,,,,,,,,,,,,,,,,BLK-018,BLK-018,BLK-018,BLK-018,BLK-018,BLK-018,BLK-018,,BLK-023,BLK-023,BLK-023,BLK-023,BLK-023,BLK-023,BLK-023,BLK-023,BLK-023,,BLK-029,BLK-029,BLK-029,BLK-029,BLK-029,BLK-029,BLK-029,BLK-029,,,,,,,,,,,,,,,,,,BLK-031,BLK-031,BLK-031,BLK-031,BLK-031,,,,,,,,,,,,,,,,,
,,,,,,,,,,,,,,,,,,,,,,,,,,,,,,,,,,,BLK-018,BLK-018,BLK-018,BLK-018,BLK-018,BLK-018,BLK-018,,BLK-023,BLK-023,BLK-023,BLK-023,BLK-023,BLK-023,BLK-023,BLK-023,BLK-023,,BLK-029,BLK-029,BLK-029,BLK-029,BLK-029,BLK-029,BLK-029,BLK-029,,,,,,,,,,,,,,,,,,BLK-031,BLK-031,BLK-031,BLK-031,BLK-031,,,,,,,,,,,,,,,,,
,,,,,,,,,,,,,,,,,,,,,,,,,,,,,,,,,,,BLK-018,BLK-018,BLK-018,BLK-018,BLK-018,BLK-018,BLK-018,,BLK-023,BLK-023,BLK-023,BLK-023,BLK-023,BLK-023,BLK-023,BLK-023,BLK-023,,BLK-029,BLK-029,BLK-029,BLK-029,BLK-029,BLK-029,BLK-029,BLK-029,,,,,,,,,,,,,,,,,,,,,,,,,,,,,,,,,,,,,,,
,,,,,,,,,,,,,,,,,,,,,,,,,,,,,,,,,,,,,,,,,,,BLK-023,BLK-023,BLK-023,BLK-023,BLK-023,BLK-023,BLK-023,BLK-023,BLK-023,,BLK-029,BLK-029,BLK-029,BLK-029,BLK-029,BLK-029,BLK-029,BLK-029,,,,,BLK-035,BLK-035,BLK-035,BLK-035,BLK-035,,BLK-036,BLK-036,BLK-036,BLK-036,BLK-036,BLK-036,,,,,,,BLK-009,BLK-009,BLK-009,,,,,,,,,,,,,,
,,,,,,,,,,,,,,,TOILETS-1,TOILETS-1,TOILETS-1,,,,,,,,,,,,,,,,,,,,,,,,,,BLK-023,BLK-023,BLK-023,BLK-023,BLK-023,BLK-023,BLK-023,BLK-023,BLK-023,,,,,,,,,,,,,,BLK-035,BLK-035,BLK-035,BLK-035,BLK-035,,BLK-036,BLK-036,BLK-036,BLK-036,BLK-036,BLK-036,,,,TOILETS-2,TOILETS-2,TOILETS-2,BLK-009,BLK-009,BLK-009,,,,,,,,,,,,,,
,,,,,,,,,,,,,,,TOILETS-1,TOILETS-1,TOILETS-1,,,,,,,,,,,,,,,,,,,,,,,,,,BLK-023,BLK-023,BLK-023,BLK-023,BLK-023,BLK-023,BLK-023,BLK-023,BLK-023,,,,,,,,,,,,,,BLK-035,BLK-035,BLK-035,BLK-035,BLK-035,,BLK-036,BLK-036,BLK-036,BLK-036,BLK-036,BLK-036,,,,TOILETS-2,TOILETS-2,TOILETS-2,,,,,,,,,,,,,,,,,
,,,,,,,,,,,,,,,TOILETS-1,TOILETS-1,TOILETS-1,,,,,,,,,,,,,,,,,,,,,,,,,,,,,,,,,,,,,,,,,,,,,,,,BLK-035,BLK-035,BLK-035,BLK-035,BLK-035,,BLK-036,BLK-036,BLK-036,BLK-036,BLK-036,BLK-036,,,,TOILETS-2,TOILETS-2,TOILETS-2,,,,,,,,,,,,,,,,,
,,,,,,,,,,,,,,,TOILETS-1,TOILETS-1,TOILETS-1,,,,,,,,,,,,,,,,,,,,,,,,,,,,,,,,,,,,,,,,,,,,,,,,BLK-035,BLK-035,BLK-035,BLK-035,BLK-035,,BLK-036,BLK-036,BLK-036,BLK-036,BLK-036,BLK-036,,,,TOILETS-2,TOILETS-2,TOILETS-2,,,,,,,,,,,,,,,,,
,,,,,,,,,,,,,,,,,,,,,,,,,,,,,,,,,,,,,,,,,,,,,,,,,,,,,,,,,,,,,,,,,BLK-035,BLK-035,BLK-035,BLK-035,BLK-035,,BLK-036,BLK-036,BLK-036,BLK-036,BLK-036,BLK-036,,,,,,,,,,,,,,,,,,,,,,,
SERVICE-ENTRY,SERVICE-ENTRY,SERVICE-ENTRY,,,BLK-040,BLK-040,BLK-040,BLK-040,BLK-040,BLK-040,BLK-040,,BLK-041,BLK-041,BLK-041,BLK-041,BLK-041,BLK-041,BLK-041,,BLK-047,BLK-047,BLK-047,BLK-047,BLK-047,BLK-047,BLK-047,,BLK-017,BLK-017,BLK-017,,,,BLK-052,BLK-052,BLK-052,BLK-052,BLK-052,BLK-052,,BLK-054,BLK-054,BLK-054,BLK-054,BLK-054,BLK-054,BLK-054,BLK-054,BLK-054,BLK-054,,BLK-019,BLK-019,BLK-019,,,,,,,,,,BLK-035,BLK-035,BLK-035,BLK-035,BLK-035,,BLK-036,BLK-036,BLK-036,BLK-036,BLK-036,BLK-036,BLK-065,BLK-065,BLK-065,BLK-065,BLK-065,BLK-065,,,CORE-C,CORE-C,CORE-C,CORE-C,CORE-C,BLK-068,BLK-068,BLK-068,BLK-068,BLK-068,,,,,
SERVICE-ENTRY,SERVICE-ENTRY,SERVICE-ENTRY,,,BLK-040,BLK-040,BLK-040,BLK-040,BLK-040,BLK-040,BLK-040,,BLK-041,BLK-041,BLK-041,BLK-041,BLK-041,BLK-041,BLK-041,,BLK-047,BLK-047,BLK-047,BLK-047,BLK-047,BLK-047,BLK-047,,BLK-017,BLK-017,BLK-017,,,,BLK-052,BLK-052,BLK-052,BLK-052,BLK-052,BLK-052,,BLK-054,BLK-054,BLK-054,BLK-054,BLK-054,BLK-054,BLK-054,BLK-054,BLK-054,BLK-054,,BLK-019,BLK-019,BLK-019,,,,,,,,,,BLK-035,BLK-035,BLK-035,BLK-035,BLK-035,,BLK-036,BLK-036,BLK-036,BLK-036,BLK-036,BLK-036,BLK-065,BLK-065,BLK-065,BLK-065,BLK-065,BLK-065,,,CORE-C,CORE-C,CORE-C,CORE-C,CORE-C,BLK-068,BLK-068,BLK-068,BLK-068,BLK-068,,,,,
SERVICE-ENTRY,SERVICE-ENTRY,SERVICE-ENTRY,,,BLK-040,BLK-040,BLK-040,BLK-040,BLK-040,BLK-040,BLK-040,,BLK-041,BLK-041,BLK-041,BLK-041,BLK-041,BLK-041,BLK-041,,BLK-047,BLK-047,BLK-047,BLK-047,BLK-047,BLK-047,BLK-047,,BLK-017,BLK-017,BLK-017,,,,BLK-052,BLK-052,BLK-052,BLK-052,BLK-052,BLK-052,,BLK-054,BLK-054,BLK-054,BLK-054,BLK-054,BLK-054,BLK-054,BLK-054,BLK-054,BLK-054,,BLK-019,BLK-019,BLK-019,,,,,,,,,,BLK-035,BLK-035,BLK-035,BLK-035,BLK-035,,BLK-036,BLK-036,BLK-036,BLK-036,BLK-036,BLK-036,BLK-065,BLK-065,BLK-065,BLK-065,BLK-065,BLK-065,,,CORE-C,CORE-C,CORE-C,CORE-C,CORE-C,BLK-068,BLK-068,BLK-068,BLK-068,BLK-068,,,,,
SERVICE-ENTRY,SERVICE-ENTRY,SERVICE-ENTRY,,,BLK-040,BLK-040,BLK-040,BLK-040,BLK-040,BLK-040,BLK-040,,BLK-041,BLK-041,BLK-041,BLK-041,BLK-041,BLK-041,BLK-041,,BLK-047,BLK-047,BLK-047,BLK-047,BLK-047,BLK-047,BLK-047,,,,,,,,BLK-052,BLK-052,BLK-052,BLK-052,BLK-052,BLK-052,,BLK-054,BLK-054,BLK-054,BLK-054,BLK-054,BLK-054,BLK-054,BLK-054,BLK-054,BLK-054,,,,,,,,,,,,,,BLK-035,BLK-035,BLK-035,BLK-035,BLK-035,,,,,,,,BLK-065,BLK-065,BLK-065,BLK-065,BLK-065,BLK-065,,,CORE-C,CORE-C,CORE-C,CORE-C,CORE-C,BLK-068,BLK-068,BLK-068,BLK-068,BLK-068,,,,,
SERVICE-ENTRY,SERVICE-ENTRY,SERVICE-ENTRY,,,BLK-040,BLK-040,BLK-040,BLK-040,BLK-040,BLK-040,BLK-040,,BLK-041,BLK-041,BLK-041,BLK-041,BLK-041,BLK-041,BLK-041,,BLK-047,BLK-047,BLK-047,BLK-047,BLK-047,BLK-047,BLK-047,,,,,,,,BLK-052,BLK-052,BLK-052,BLK-052,BLK-052,BLK-052,,BLK-054,BLK-054,BLK-054,BLK-054,BLK-054,BLK-054,BLK-054,BLK-054,BLK-054,BLK-054,,,,,,,,,,,,,,,,,,,,,,,,,,BLK-065,BLK-065,BLK-065,BLK-065,BLK-065,BLK-065,,,CORE-C,CORE-C,CORE-C,CORE-C,CORE-C,BLK-068,BLK-068,BLK-068,BLK-068,BLK-068,,,,,
,,,,,BLK-040,BLK-040,BLK-040,BLK-040,BLK-040,BLK-040,BLK-040,,BLK-041,BLK-041,BLK-041,BLK-041,BLK-041,BLK-041,BLK-041,,BLK-047,BLK-047,BLK-047,BLK-047,BLK-047,BLK-047,BLK-047,,,,,,,,BLK-052,BLK-052,BLK-052,BLK-052,BLK-052,BLK-052,,,,,,,,,,,,,,,,,,,,,,,,,,,,,,,,,,,,,BLK-065,BLK-065,BLK-065,BLK-065,BLK-065,BLK-065,,,,,,,,,,,,,,,,,
,,,,,BLK-040,BLK-040,BLK-040,BLK-040,BLK-040,BLK-040,BLK-040,,BLK-041,BLK-041,BLK-041,BLK-041,BLK-041,BLK-041,BLK-041,,BLK-047,BLK-047,BLK-047,BLK-047,BLK-047,BLK-047,BLK-047,,,,,,,,,,,,,,,,,,,,,,,,,,,,,,,,,,,,,,,,,,,,,,,,,,BLK-065,BLK-065,BLK-065,BLK-065,BLK-065,BLK-065,,,,,,,,,,,,,,,,,
,,,,,,,,,,,,,,,,,,,,,,,,,,,,,,,,,,,,,,,,,,,,,,,,,,,,,,,,,,,,,,,,,,,,,,,,,,,,,BLK-065,BLK-065,BLK-065,BLK-065,BLK-065,BLK-065,,,,,,,,,,,,,,,,,
,,,,,,,,,,,,,,,,,,,,,,,,,,,,,,,,,,,,,,,,,,,,,,,,,,,,,,,,,,,,,,,,,,,,,,,,,,,,,BLK-065,BLK-065,BLK-065,BLK-065,BLK-065,BLK-065,,,,,,,,,,,,,,,,,
,,,,,,,,,,,,,,,,,,,,,,,,,,,,,,,,,,,,,,,,,,,,,,,,,,,,,,,,,,,,,,,,,,,,,,,,,,,,,,,,,,,,,,,,,,,,,,,,,,,
,,,,,,,,,,,,,,,,,,,,,,,,,,,,,,,,,,,,,,,,,,,,,,,,,,,,,,,,,,,,,,,,,BLK-030,BLK-030,BLK-030,,,,,,,,,,,,,,,,,,,,,,,,,,,,,,,,
,,,,,,,,,,,,,,,,,,,,,,,,,,,,,,,,,,,,,,,,,,,,,,,,,,,,,,,,,,,,,,,,,BLK-030,BLK-030,BLK-030,,,,,,,,,,,,,,,,,,,,,,,,,,,,,,,,
,,,,,,,,,,,,,,,,,,,,,,,,,,,,,,,,,,,,,,,,,,,,,,,,,,,,,,,,,,,,,,,,,BLK-030,BLK-030,BLK-030,,,,,,,,,,,,,,,,,,,,,,,,,,,,,,,,
,,,,,,,,,,,,,,,,,,,,,,,,,,,,,,,,,,,,,,,,,,,,,,,,,,,,,,,,,,,,,,,,,,,,,,,,,,,,,,,,,,,,,,,,,,,,,,,,,,,
,,,,,,,,,,,,,,,,,,,,,,,,,,,,,,,,,,,,,,,,,,,,,,,,,,,,,,,,,,,,,,,,,,,,,,,,,,,,,,,,,,,,,,,,,,,,,,,,,,,
,,,,,,,,,,,,,,,,,,,,,,,,,,,,,,,,,,,,,,,,,,,,,,,,,,,,,,,,,,,,,,,,,,,,,,,,,,,,,,,,,,,,,,,,,,,,,,,,,,,
,,,,,,,,,,,,,,,,,,,,,,,,,,,,,,,,,,,,,,,,,,,,,,,,,,,,,,,,,,,,,,,,,,,,,,,,,,,,,,,,,,,,,,,,,,,,,,,,,,,
,,,,,,,,,,,,,,,,,,,,,,,,,,,,,,,,,,,,,,,,,,,,,,,,,,,,,,,,,,,,,,,,,,,,,,,,,,,,,,,,,,,,,,,,,,,,,,,,,,,
,,,,,,,,,,,,,,,,,,,,,,,,,,,,,,,,,,,,,,,,,,,,,,,,,,,,,,,,,,,,,,,,,,,,,,,,,,,,,,,,,,,,,,,,,,,,,,,,,,,
,,,,,,,,,,,,,,,,,,,,,,,,,,,,,,,,,,,,,,,,,,,,,,,,,,,,,,,,,,,,,,,,,,,,,,,,,,,,,,,,,,,,,,,,,,,,,,,,,,,
,,,,,,,,,,,,,,,,,,,,,,,,,,,,,,,,,,,,,,,,,,,,,,,,,,,,,,,,,,,,,,,,,,,,,,,,,,,,,,,,,,,,,,,,,,,,,,,FIRE-EGRESS-2,FIRE-EGRESS-2,FIRE-EGRESS-2,,
,,,,,,,,,,,,,,,,,,,,,,,,,,,,,,,,,,,,,,,,,,,,,,,,,,,,,,,,,,,,,,,,,,,,,,,,,,,,,,,,,,,,,,,,,,,,,,,FIRE-EGRESS-2,FIRE-EGRESS-2,FIRE-EGRESS-2,,
,,,,,,,,,,,,,,,,,,,,,,,,,,,,,,,,,,,,,,,,,,,,,,,,,,,,,,,,,,,,,,,,,,,,,,,,,,,,,,,,,,,,,,,,,,,,,,,FIRE-EGRESS-2,FIRE-EGRESS-2,FIRE-EGRESS-2,,
,,,,,,,,,,,,,,,,,,,,,,,,,,,,,,,,,,,,,,,,,,,,,,,,,,,,,,,,,,,,,,,,,,,,,,,,,,,,,,,,,,,,,,,,,,,,,,,FIRE-EGRESS-2,FIRE-EGRESS-2,FIRE-EGRESS-2,,
,,,,,,,,,,,,,,,,,,,,,,,,,,,,,,,,,,,,,,,,,,,,,,,,,,,,,,,,,,,,,,,,,,,,,,,,,,,,,,,,,,,,,,,,,,,,,,,,,,,
,,,,,BLK-072,BLK-072,BLK-072,BLK-072,BLK-072,BLK-072,BLK-072,BLK-072,BLK-072,BLK-072,,BLK-073,BLK-073,BLK-073,BLK-073,BLK-073,BLK-073,,BLK-075,BLK-075,BLK-075,BLK-075,BLK-075,,BLK-037,BLK-037,,,,,BLK-079,BLK-079,BLK-079,BLK-079,BLK-079,BLK-079,,BLK-096,BLK-096,BLK-096,BLK-096,BLK-096,BLK-096,BLK-096,BLK-096,,BLK-045,BLK-045,,,,,,,,,,,,,BLK-046,BLK-046,BLK-046,,,,,,,,,,,,,,,,,,,,,,,,,,,,,,,,
,,,,,BLK-072,BLK-072,BLK-072,BLK-072,BLK-072,BLK-072,BLK-072,BLK-072,BLK-072,BLK-072,,BLK-073,BLK-073,BLK-073,BLK-073,BLK-073,BLK-073,,BLK-075,BLK-075,BLK-075,BLK-075,BLK-075,,BLK-037,BLK-037,,,,,BLK-079,BLK-079,BLK-079,BLK-079,BLK-079,BLK-079,,BLK-096,BLK-096,BLK-096,BLK-096,BLK-096,BLK-096,BLK-096,BLK-096,,BLK-045,BLK-045,,,,,,,,,,,,,BLK-046,BLK-046,BLK-046,,,,,,,,,,,,,,,,,,,,,,,,,,,,,,,,
,,,,,BLK-072,BLK-072,BLK-072,BLK-072,BLK-072,BLK-072,BLK-072,BLK-072,BLK-072,BLK-072,,BLK-073,BLK-073,BLK-073,BLK-073,BLK-073,BLK-073,,BLK-075,BLK-075,BLK-075,BLK-075,BLK-075,,BLK-037,BLK-037,,,,,BLK-079,BLK-079,BLK-079,BLK-079,BLK-079,BLK-079,,BLK-096,BLK-096,BLK-096,BLK-096,BLK-096,BLK-096,BLK-096,BLK-096,,,,,,,,,,,,,,,,,,,,,,,,,,,,,,,,,,,,,,,,,,,,,,,,,,
,,,,,BLK-072,BLK-072,BLK-072,BLK-072,BLK-072,BLK-072,BLK-072,BLK-072,BLK-072,BLK-072,,BLK-073,BLK-073,BLK-073,BLK-073,BLK-073,BLK-073,,BLK-075,BLK-075,BLK-075,BLK-075,BLK-075,,,,,,,,BLK-079,BLK-079,BLK-079,BLK-079,BLK-079,BLK-079,,BLK-096,BLK-096,BLK-096,BLK-096,BLK-096,BLK-096,BLK-096,BLK-096,,,,,,,,,,,,,,,,,,,,,,,,,,,,,,,,,,,,,,,,,,,,,,,,,,
,,,,,BLK-072,BLK-072,BLK-072,BLK-072,BLK-072,BLK-072,BLK-072,BLK-072,BLK-072,BLK-072,,BLK-073,BLK-073,BLK-073,BLK-073,BLK-073,BLK-073,,BLK-075,BLK-075,BLK-075,BLK-075,BLK-075,,,,,,,,BLK-079,BLK-079,BLK-079,BLK-079,BLK-079,BLK-079,,BLK-096,BLK-096,BLK-096,BLK-096,BLK-096,BLK-096,BLK-096,BLK-096,,,,,,,,,,,,,,,,,,,,,,,,,,,,,,,,,,,,,,,,,,,,,,,,,,
,,,,,,,,,,,,,,,,,,,,,,,,,,,,,,,,,,,BLK-079,BLK-079,BLK-079,BLK-079,BLK-079,BLK-079,,,,,,,,,,,,,,,,,,,,,,,,,,,,,,,,,,,,,,,,,,,,,,,,,,,,,,,,,,,
,,,,,,,,,,,,,,,,,,,,,,,,,,,,,,,,,,,BLK-079,BLK-079,BLK-079,BLK-079,BLK-079,BLK-079,,,,,,,,,,,,,,,,,,,,,,,,,,,,,,,,,,,,,,,,,,,,,,,,,,,,,,,,,,,
,,,,,,,,,,,,,,,,,,,,,,,,,,,,,,,,,,,BLK-079,BLK-079,BLK-079,BLK-079,BLK-079,BLK-079,,,,,,,,,,,,,,,,,,,,,,,,,,,,,,,,,,,,,,,,,,,,,,,,,,,,,,,,,,,
,,,,,,,,,,,,,,,,,,,,,,,,,,,,,,,,,,,BLK-079,BLK-079,BLK-079,BLK-079,BLK-079,BLK-079,,,,,,,,,,,,,,,,,,,,,,,,,,,,,,,,,,,,,,,,,,,,,,,,,,,,,,,,,,,
,,,,,,,,,,,,,,,,,,,,,,,,,,,,,,,,,,,,,,,,,,,,,,,,,,,,,,,,,,,,,,,,,,,,,,,,,,,,,,,,,,,,,,,,,,,,,,,,,,,
,,,,,,,,,,,,,,,,,,,,,,,,,,,,,,,,,,,,,,,,,,,,,,,,,,,,,,,,,,,,,,,,,,,,,,,,,,,,,,,,,,,,,,,,,,,,,,,,,,,
,,,,,,,,,,,,,,,,,,,,,,,,,,,,,,,,,,,,,,,,,,,,,,,,,,,,,,,,,,,,,,,,,,,,,,,,,,,,,,,,,,,,,,,,,,,,,,,,,,,
,,,,,,,,,,,,,,,,,,,,,,,,,,,,,,,,,,,,,,,,,,,,,,,,,,,,,,,,,,,,,,,,,,,,,,,,,,,,,,,,,,,,,,,,,,,,,,,,,,,
,,,,,,,,,,,,,,,,,,,,,,,,,,,,,,,,,,,,,,,,,,,,,,,,,,,,,,,,,,,,,,,,,,,,,,,,,,,,,,,,,,,,,,,,,,,,,,,,,,,
,,,,,,,,,,,,,,,,,,,,,,,,,,,,,,,,,,,,,,,,,,,,,,,,,,,,,,,,,,,,,,,,,,,,,,,,,,,,,,,,,,,,,,,,,,,,,,,,,,,
